page	side	ok	year	month	dayfrom	daystart	raw
14	R	OK	1640	9	10	10	September  Anno  1640 
15	L	OK	1640	9	10	10	2  10  SEPTEMBER 
16	R	OK	1640	9	10	10	10  SEPTEMBER.  5 
17	L	OK	1640	9	10	10	4  10  SEPTEMBER 
18	R	OK	1640	9	10	10	10  SEPTEMBER.  tf 
19	L	OK	1640	9	10	11	6  10  EN  11  SEPTEMBER 
20	R	OK	1640	9	11	11	11  SEPTEMBER.  7 
21	L	OK	1640	9	11	11	8  11  SEPTEMBER 
22	R	OK	1640	9	11	11	11  SEPTEMBER.  9 
23	L	OK	1640	9	11	18	10  n-18  SEPTEMBER 
24	R	OK	1640	9	18	21	18-21  SEPTEMBER.  11 
25	L	OK	1640	9	21	21	12  21  SEPTEMBER 
26	R	OK	1640	9	21	25	21—25  SEPTEMBER.  15 
27	L	OK	1640	9	25	25	14  25  SEPTEMBER 
28	R	OK	1640	9	25	25	25  SEPTEMBER.  Ig 
29	L	OK	1640	9	25	25	16  25  SEPTEMBER 
30	R	OK	1640	9	25	27	24—27  SEPTEMBER.  17 
31	L	OK	1640	9	27	27	16  27  SEPTEMBER 
32	R	OK	1640	9	27	27	27  SEPTEMBER,  19 
33	L	OK	1640	9	27	27	•iO  27  SEPTEMBER 
34	R	OK	1640	9	27	27	27  SEPTEMBER.  21 
35	L	OK	1640	9	27	27	22  27  SEPTEMBER 
36	R	OK	1640	9	27	27	27  SEPTEMBER.  23 
37	L	OK	1640	9	27	27	24  27  SEPTEMBER 
38	R	OK	1640	9	27	27	27  SEPTEMBER.  28 
39	L	OK	1640	9	27	27	86  27  SEPTEMBER 
40	R	OK	1640	9	27	27	27  SEPTEMBER.  27 
41	L	OK	1640	9	27	27	28  27  SEPTEMBER 
42	R	OK	1640	9	27	27	2?  SEPTEMBEfi.  29 
43	L	OK	1640	9	27	27	so  27  SEPTEMBER 
44	R	OK	1640	9	27	27	Jjt  SEPTEMBER.  51 
45	L	OK	1640	9	27	27	32  .2?  SEPTEMBER 
46	R	OK	1640	9	27	27	2?  SEPTEMBEi  ^5 
47	L	OK	1640	9	27	27	34  27  SEPTEMBER 
48	R	OK	1640	9	27	28	27  EN  28  SEPTEMBER.  35 
49	L	OK	1640	9	28	28	36  28  SEPTEMBER 
50	R	OK	1640	9	28	28	28  SEPTEMBER.  37 
51	L	OK	1640	9	28	28	58  28  SEPTEMBER 
52	R	OK	1640	9	28	28	28  SEPTEMBER.  ^  39 
53	L	OK	1640	9	28	28	40  28  SEPTEMBER 
54	R	OK	1640	9	28	28	2S  SEPTEMBER.  41 
55	L	OK	1640	9	28	28	42  28  SEPTEMBER 
56	R	OK	1640	9	28	28	28  SEPTEMBER.  45 
57	L	OK	1640	9	30	30	44  30  SEPTEMBER 
58	R	OK	1640	10	1	4	October  Anno  1640 
59	L	OK	1640	10	4	9	46  4—9  OCTOBËR 
60	R	OK	1640	10	9	9	d  OCTOBER.  47 
61	L	OK	1640	10	9	9	48  9  OCTOBER 
62	R	OK	1640	10	9	9	d  OGTOBÉR.  4è 
63	L	OK	1640	10	9	9	80  ö  OCTOBER 
64	R	OK	1640	10	9	9	9  OCTOBEft.  il 
65	L	OK	1640	10	9	9	tfi  9  OCTOBER 
66	R	OK	1640	10	9	9	9  OCTOBER.  JJ5 
67	L	OK	1640	10	9	9	)(4  9  OGTOBBR 
68	R	OK	1640	10	9	12	9^12  OCTOBER.  «5 
69	L	OK	1640	10	13	19	K6  13—19  OGTOBER 
70	R	OK	1640	10	19	22	19—22  OCTOBER.  87 
71	L	OK	1640	10	22	22	58  22  OCTOBER 
72	R	OK	1640	10	22	22	22  OCTOBER.  S9 
73	L	OK	1640	10	22	23	60  22  EN  23  OCTOBER 
74	R	OK	1640	10	23	28	23—28  OCTOBER.  6l 
75	L	OK	1640	10	28	31	6i  2B--31  OGTOBBR 
76	R	OK	1640	11	1	4	November  Anno  1640 
77	L	OK	1640	11	4	7	64  4-7  NOVEMBER 
78	R	OK	1640	11	10	14	10-i4  NOVEMBER.  ÖB 
79	L	OK	1640	11	14	14	6é  1^  NOVEMBER 
80	R	OK	1640	11	14	16	i4~16  NOVEMBER.  6 
81	L	OK	1640	11	16	18	éè  1^18  NOVEMBER 
82	R	OK	1640	11	18	18	18  NOVEMBER.  69 
83	L	OK	1640	11	18	18	70  IB  NOVEMBER 
84	R	OK	1640	11	18	20	18-20  NOVEMBER.  71 
85	L	OK	1640	11	21	21	72  21  NOVEMBER 
86	R	OK	1640	11	21	21	21  NOVEMBER.  75 
87	L	OK	1640	11	21	21	74  21  NOVEMBER 
88	R	OK	1640	11	21	21	21  NOVEMBER.  78 
89	L	OK	1640	11	21	21	76  21  NOVEMBER 
90	R	OK	1640	11	21	21	2i  NOVEMBER.  ^^ 
91	L	OK	1640	11	21	21	^8  21  NOVEMBER 
92	R	OK	1640	11	21	21	21  NOVEMBER.  ^  ^9 
93	L	OK	1640	11	21	21	8Ó  2i  NOVEMBER 
94	R	OK	1640	11	21	21	21  NOVEMBElk.  81 
95	L	OK	1640	11	21	21	8i  21  NOVEMBER 
96	R	OK	1640	11	21	21	21  NOVEMBER.  gj 
97	L	OK	1640	11	21	21	84  21  NOVEMBER 
98	R	OK	1640	11	21	21	21  NOVEMBER.  85 
99	L	OK	1640	11	21	27	86  21—27  NOVEMBER 
100	R	OK	1640	11	27	27	27  NOVEMBER.  87 
101	L	OK	1640	11	27	27	88  27  NOVEMBER 
102	R	OK	1640	11	27	27	27  NOVEMBER.  .  89 
103	L	OK	1640	11	27	27	90  27  NOVEMBER 
104	R	OK	1640	11	27	27	27  NOVEMBER.  W 
105	L	OK	1640	11	27	27	92  .  27  NOVEMBER 
106	R	OK	1640	11	27	27	27  NOVEMBEft.  9S 
107	L	OK	1640	11	27	27	04  27  NOVEMBER 
108	R	OK	1640	11	27	27	27  NOVEMBER.  9U 
109	L	OK	1640	11	27	27	96  27  NOVEMBER 
110	R	OK	1640	11	27	27	2^  NOVEMBEn.  97 
111	L	OK	1640	11	27	27	98  27  NOVEMBER 
112	R	OK	1640	11	27	27	27  NOVEMBEn.  99 
113	L	OK	1640	11	27	27	iOO  27  NOVEMBER 
114	R	OK	1640	11	27	27	27  NOVEMBER.  101 
115	L	OK	1640	11	27	29	102  27—29  NOVEMBER 
116	R	OK	1640	11	29	29	29  NOVEMPER.  103 
117	L	OK	1640	11	29	29	104  '  29  NOVEMBER 
118	R	OK	1640	11	29	29	29  NOVEMBER.  108 
119	L	OK	1640	12	1	2	December  Anno  1640 
120	R	OK	1640	12	2	3	2  EN  3  DECEMBER.  107 
121	L	OK	1640	12	3	3	108  3  DECEMBER 
122	R	OK	1640	12	3	5	3—5  DECEMBER.  109 
123	L	OK	1640	12	5	6	Ho  5  EN  6  DECEMBER 
124	R	OK	1640	12	6	6	6  bËCÉMBËli.  UI 
125	L	OK	1640	12	6	6	il2  6  DECEMBER 
126	R	OK	1640	12	6	6	6  DECEMBER.  113 
127	L	OK	1640	12	6	6	114  6  DECEMBER 
128	R	OK	1640	12	6	6	6  DECEMBER.  ll 
129	L	OK	1640	12	6	6	116  6  DECEMBER 
130	R	OK	1640	12	6	6	6  DECEMBER.  117 
131	L	OK	1640	12	6	6	118  6  DECEMBER 
132	R	OK	1640	12	6	6	6  DECEMBER.  119 
133	L	OK	1640	12	6	8	120  6 ö  DECEMBER 
134	R	OK	1640	12	8	11	8—11  DECEMBER.  121 
135	L	OK	1640	12	11	11	122  11  DECEMBER 
136	R	OK	1640	12	11	15	11—15  DECEMBER.  155 
137	L	XX	1640	12	1521	1521	124  15 21  DECEMBER 
138	R	XX-CONT-D	1640	12	21	21	21  DFCEMBER.  128 
139	L	OK	1640	12	21	21	126  21  DECEMBER 
140	R	OK	1640	12	21	21	21  DECEMBER.  127 
141	L	OK	1640	12	21	21	128  21  DECEMBER 
142	R	OK	1640	12	21	24	21-^24  DECEMBER.  129 
143	L	OK	1640	12	24	31	130  24-31  DÉCEltBEtt 
144	R	OK	1640	12	31	31	31  DECEMBEft.  131 
145	L	OK	1640	12	31	31	132  31  DECEMBER 
146	R	OK	1640	12	31	31	31  DECEMBER.  153 
147	L	OK	1640	12	31	31	134  31  DECEMBER 
148	R	OK	1640	12	31	31	31  DECEMBER.  15 
149	L	OK	1640	12	31	31	156  31  DECEMBER 
150	R	OK	1640	12	31	31	31  DECEMBER.  157 
151	L	OK	1640	12	31	31	138  31  DECEMBER 
152	R	OK	1640	12	31	31	31  DECEMBER.  139 
153	L	OK	1640	12	31	31	140  31  DECEMBER 
154	R	OK	1640	12	31	31	31  DECEMBER.  141 
155	L	OK	1640	12	31	31	I4i  31  DECEMBER 
156	R	OK	1640	12	31	31	31  DEGEMBEft.  14S 
157	L	OK	1640	12	31	31	144  31  DECEMBER 
158	R	OK	1640	12	31	31	31  DECEMBER.  14ti 
159	L	OK	1640	12	31	31	146  3i  DECEMBER 
160	R	OK	1640	12	31	31	31  DECEMBER.  147 
161	L	OK	1640	12	31	31	148  31  DfiCEMBEd 
162	R	OK	1640	12	31	31	31  DECEMBER.  I49 
163	L	OK	1640	12	31	31	150  31  DECEMBER 
164	R	OK	1640	12	31	31	31  DECEMBER.  151 
165	L	OK	1640	12	31	31	152  31  DECEMBER 
166	R	OK	1640	12	31	31	31  DECEMBER.  1K3 
167	L	OK	1640	12	31	31	1S4  31  DECEMBER 
168	R	OK	1640	12	31	31	31  DECEMBER.  1B5 
169	L	OK	1640	12	31	31	156  31  DECEMBER 
170	R	OK	1640	12	31	31	31  DECEMBER.  IK 
171	L	OK	1640	12	31	31	1B8  31  DECEMBER 
172	R	OK	1640	12	31	31	31  DECEMBER.  159 
173	L	OK	1641	1	1	9	Januarlus  Anno  1641 
174	R	OK	1641	1	9	15	9—15  JANÜARIÜS.  161 
175	L	OK	1641	1	15	15	iéi  ,  15  JANUARIUS 
176	R	OK	1641	1	15	15	15  JANUARIUS.  163 
177	L	OK	1641	1	15	15	i64  15  JANUARtUS 
178	R	OK	1641	1	15	21	15-21  JANUARIUS.  16 
179	L	OK	1641	1	21	23	166  21  —  23  JANÜARIUS 
180	R	OK	1641	1	23	24	23  —  24  JANUARIÜS.  167 
181	L	OK	1641	1	24	24	168  24  JANÜARIÜS 
182	R	OK	1641	1	24	24	24  JANUARIUS.  160 
183	L	OK	1641	1	24	24	170  24  JANÜARIOS 
184	R	OK	1641	1	24	24	24  JANUARIÜS.  17t 
185	L	OK	1641	1	24	24	171  24  JANÜARIUS 
186	R	OK	1641	1	24	24	24  JAt!^UARIÜS.  l75 
187	L	OK	1641	1	24	29	1Ï4  24-29  JANUARIUS 
188	R	OK	1641	1	29	29	2d  JANUARIÜS.  17 
189	L	OK	1641	1	29	29	176  29  JANUARIUS 
190	R	OK	1641	1	29	31	29-31  JANUARIUS.  1^7 
191	L	OK	1641	2	1	2	Februarlus  Anno  1641 
192	R	OK	1641	2	2	9	2-9  PEBRÜARIUS.  17Ö 
193	L	OK	1641	2	10	10	180  10  FEBtiUAtllOS 
194	R	OK	1641	2	10	14	10-14  FEBRÜARIUS.  181 
195	L	OK	1641	2	14	17	182  1^17  FEBRUARIUS 
196	R	OK	1641	2	17	19	17-19  FEBRÜARIÜS.  183 
197	L	OK	1641	2	19	19	184  19  FEBRUARIUS 
198	R	OK	1641	2	19	19	Ï9  FEBRÜARIUS.  188 
199	L	OK	1641	2	19	19	186  19  FEBRUARIUS 
200	R	OK	1641	2	19	19	19  PBBRUARIU8.  187 
201	L	OK	1641	2	19	19	188  19  FEBRUARIUS 
202	R	OK	1641	2	19	19	19  FEBRUARIÜS.  189 
203	L	OK	1641	2	19	19	190  19  FEBRUARIUS 
204	R	OK	1641	2	19	19	19  FEBRÜARIÜS.  191 
205	L	OK	1641	2	19	19	192  19  PEBRÜARIUS 
206	R	OK	1641	2	19	19	19  FEBRUARIÜS.  I93 
207	L	OK	1641	2	19	19	194  19  FEBRÜARIÜS 
208	R	OK	1641	2	19	26	lft~26  FEBRÜARIUS.  I95 
209	L	OK	1641	2	26	28	196  26  —  28  FEBRUARIÜS 
210	R	OK	1641	2	28	28	28  FEBRÜARÏUS.  197 
211	L	OK	1641	2	28	28	198  28  FEBRUARIDS 
212	R	OK	1641	2	28	28	28  FEBRUARIUS.  199 
213	L	OK	1641	2	28	28	500  28  FEBRÜARIUS 
214	R	OK	1641	2	28	28	28  FEBRUARIÜS.  201 
215	L	OK	1641	2	28	28	tot  28  FEBBÜABIUS 
216	R	OK	1641	2	28	28	28  FEBBUARIUS.  203 
217	L	OK	1641	3	1	4	Martius  Anno  1641 
218	R	OK	1641	3	4	10	4-1Ö  Martiüs.  ioi 
219	L	OK	1641	3	10	10	iOé  lÖ  MARTIÜS 
220	R	OK	1641	3	10	10	10  MARTIUS.  iol 
221	L	OK	1641	3	10	10	208  10  MARTIüS 
222	R	OK	1641	3	10	10	lö  MARTIUS.  20C 
223	L	OK	1641	3	10	13	210  10—13  MARTIUS 
224	R	OK	1641	3	13	16	13^16  MARTIIS.  211 
225	L	OK	1641	3	16	16	212  16  MARTIÜS 
226	R	OK	1641	3	17	21	17—21  MARTIÜS.  215 
227	L	OK	1641	3	21	27	2U  •  21-27  MARTIUS 
228	R	OK	1641	3	28	31	28-31  MARTIUS.  21 
229	L	OK	1641	3	31	31	216  31  MARTIUS 
230	R	OK	1641	3	31	31	^1  MARTIUS.  217 
231	L	OK	1641	3	31	31	218  31  MARTIÜS 
232	R	OK	1641	3	31	31	31  MARTIUS.  219 
233	L	OK	1641	3	31	31	220  31  MARTJÜS 
234	R	OK	1641	4	1	3	April  Anno  1641 
235	L	OK	1641	4	3	3	222  3  APRIL 
236	R	OK	1641	4	3	3	3  APRIL.  223 
237	L	OK	1641	4	3	3	224  3  APRIL 
238	R	OK	1641	4	3	3	3  APRIL.  è 
239	L	OK	1641	4	3	3	S2é  .  5  APRiL 
240	R	OK	1641	4	3	3	é  APftiL.  22;7 
241	L	OK	1641	4	3	3	228  5  At>RlL 
242	R	OK	1641	4	3	3	a  APRIL.  229 
243	L	OK	1641	4	3	3	230  3  APRIL 
244	R	OK	1641	4	3	3	3  APRIL.  231 
245	L	OK	1641	4	3	3	232  3  APRIL 
246	R	OK	1641	4	4	6	4-6  APRIL.  235 
247	L	OK	1641	4	6	9	^54  6-9  APRIL 
248	R	OK	1641	4	9	9	9  APRIL.  231 
249	L	OK	1641	4	9	9	236  d  APRIL 
250	R	OK	1641	4	9	9	9  APRIL  ast 
251	L	OK	1641	4	9	9	i58  9  APttlL 
252	R	OK	1641	4	9	9	d  APRIL.  ^59 
253	L	OK	1641	4	9	9	240  9  APRIL 
254	R	OK	1641	4	9	11	9-11  APRIL.  241 
255	L	OK	1641	4	11	11	Ui  il  APHiL 
256	R	OK	1641	4	11	11	il  APRIL.  245 
257	L	OK	1641	4	11	11	244  11  APRIL 
258	R	OK	1641	4	11	13	11—13  APRIL.  245 
259	L	OK	1641	4	13	15	246  13-15  APRIL 
260	R	OK	1641	4	15	17	15-17  APRIL.  247 
261	L	OK	1641	4	17	19	248  17—19  APRIL 
262	R	OK	1641	4	19	19	-^  19  APRIL.  249 
263	L	OK	1641	4	19	19	JKO  19  APRIL 
264	R	OK	1641	4	19	19	19  APRIL.  2JJ1 
265	L	OK	1641	4	19	19	2S8  19  APRIL 
266	R	OK	1641	4	19	19	19  APRIL.  253 
267	L	OK	1641	4	19	19	254  19  APRIL 
268	R	OK	1641	4	19	20	19  B!c  20  APtllL.  Ui 
269	L	OK	1641	4	20	21	^66  2Ö  EX  21  APRIL 
270	R	OK	1641	4	21	21	21  APRIL.  257 
271	L	OK	1641	4	21	21	258  21  APRIL 
272	R	OK	1641	4	21	21	21  APRIL.  2!i9 
273	L	OK	1641	4	21	21	léÖ  21  APRfL 
274	R	OK	1641	4	21	21	21  APRIL.  261 
275	L	OK	1641	4	21	21	21  APRIL 
276	R	OK	1641	4	21	21	21  APRIL.  263 
277	L	OK	1641	4	21	21	264  21  APRIL 
278	R	OK	1641	4	21	21	21  APRIL.  26S 
279	L	OK	1641	4	21	21	266  21  APRIL 
280	R	OK	1641	4	21	21	21  APRIL.  i67 
281	L	OK	1641	4	21	22	268  21  ^  22  APRIL 
282	R	OK	1641	4	22	27	22-2*1  APRfL.  è6d 
283	L	OK	1641	4	27	28	è7Ö  27  EN  28  APhiL.  ♦ 
284	R	OK	1641	4	28	29	2Ö  KN  29  APRÏL.  J^l 
285	L	OK	1641	4	29	31	272  29-31  APRÜ 
286	R	OK	1641	5	1	1	Mayus  Anno  1641 
287	L	OK	1641	5	1	1	274  1  MAYÜS 
288	R	OK	1641	5	1	1	1  MAYÜS.  27B 
289	L	OK	1641	5	1	6	276  1—6  MAYIS 
290	R	OK	1641	5	6	8	6-^8  MAYUS.  .  277 
291	L	OK	1641	5	9	10	278  Ö-IO  MAYUS 
292	R	OK	1641	5	10	11	10-11  MAYÜS.  279 
293	L	OK	1641	5	11	11	280  11  MAYUS 
294	R	OK	1641	5	13	13	13  MAYUS.  .  281 
295	L	OK	1641	5	13	13	282  13  MAYUS 
296	R	OK	1641	5	13	13	13  MAYUS.  283 
297	L	OK	1641	5	13	13	284  13  MAYUS 
298	R	OK	1641	5	13	13	13  MAYÜS.  288 
299	L	OK	1641	5	13	14	286  13  EN  14  MAVrs 
300	R	OK	1641	5	14	14	14  MAYÜS.  287 
301	L	OK	1641	5	14	14	^88  14  MaYUS 
302	R	OK	1641	5	14	14	14  MAYÜS.  289 
303	L	OK	1641	5	14	14	290  1^  MAYUS 
304	R	OK	1641	5	14	14	14  MAYUS.  291 
305	L	OK	1641	5	14	14	292  14  MAYUS 
306	R	OK	1641	5	14	14	14  MAYUS.  29S 
307	L	OK	1641	5	14	14	294  1^  MAYÜS 
308	R	OK	1641	5	14	14	14  MAYÜS.  295 
309	L	OK	1641	5	14	14	)9Q  14  MAYUS 
310	R	OK	1641	5	14	14	14  MAYUS.  297 
311	L	OK	1641	5	14	14	298  14  MAYUS 
312	R	OK	1641	5	14	14	14  MAYÜS.  299 
313	L	OK	1641	5	14	14	500  14  MAYUS 
314	R	OK	1641	5	14	14	14  MAYÜS.  501 
315	L	OK	1641	5	14	14	^02  14  MAYUS 
316	R	OK	1641	5	14	14	14  MAYUS.  SOS 
317	L	OK	1641	5	14	15	S04  14  tN  15  MAYUS 
318	R	OK	1641	5	15	15	16  MaYÜS.  SOS 
319	L	OK	1641	5	15	18	};oe  15-18  MAYtis 
320	R	OK	1641	5	18	20	18-20  MAYUS.  50r 
321	L	OK	1641	5	20	20	508  20  MAYÜS 
322	R	OK	1641	5	20	20	20  MAYUS.  509 
323	L	OK	1641	5	20	20	3t0  20  MAYUS 
324	R	OK	1641	5	20	20	20  MAYÜS.  311 
325	L	OK	1641	5	20	20	51J  20  MAYÜS 
326	R	OK	1641	5	20	20	20  MAYÜS.  315 
327	L	OK	1641	5	20	20	514  20  MAYÜS 
328	R	OK	1641	5	20	20	20  MAYÜS.  515 
329	L	OK	1641	5	20	20	516  20  MAYÜS 
330	R	OK	1641	5	20	20	20  MAYUS.  Sl-J 
331	L	OK	1641	5	20	20	518  20  MaVuS 
332	R	OK	1641	5	20	20	20  MAYtJ{^.  Sld 
333	L	OK	1641	5	20	20	520  20  MAYUS 
334	R	OK	1641	5	20	20	20  MAYUS.  321 
335	L	OK	1641	5	20	20	5i2  20  MAYUS 
336	R	OK	1641	5	20	23	20—23  MAYUS.  545 
337	L	OK	1641	5	23	23	3^4  23  MAYUS 
338	R	OK	1641	5	23	23	23  MAYÜS.  32S 
339	L	OK	1641	5	23	23	526  23  MAYÜS 
340	R	OK	1641	5	23	23	23  MAYÜS.  327 
341	L	OK	1641	5	23	23	f  528  23  MAYÜS 
342	R	OK	1641	5	23	23	23  MAYÜS.  329 
343	L	OK	1641	5	23	23	530  23  MAYUS 
344	R	OK	1641	5	23	23	23  MAYÜS.  531 
345	L	OK	1641	5	23	23	552  23  MAYÜS 
346	R	OK	1641	5	23	24	'2i  EN  24  MAYtis.  3S 
347	L	OK	1641	5	24	26	Ssi  24-26  MAYUS 
348	R	OK	1641	5	26	26	26  MAYUS.  53 
349	L	OK	1641	5	26	26	Jsé  26  MaVUS 
350	R	OK	1641	5	26	29	2&-29  MAYUS.  S37 
351	L	OK	1641	5	29	29	$38  2»  "AYOS 
352	R	OK	1641	5	29	30	2d  ÉN  30  MAYÜS.  5S0 
353	L	OK	1641	5	31	31	540  31  MAYUS 
354	R	OK	1641	6	1	3	Junlus  Anno  1641 
355	L	OK	1641	6	3	7	342  3-7  JÜNIÜS 
356	R	OK	1641	6	7	8	7  EN  8  JÜNIUS.  345 
357	L	OK	1641	6	8	12	344  .0-12  JÜNIÜS 
358	R	OK	1641	6	13	17	13-17  JUNIUS.  545 
359	L	OK	1641	6	17	20	346  17-20  JÜNIÜS 
360	R	OK	1641	6	21	23	21—23  JUNIÜS.  -  547 
361	L	OK	1641	6	23	26	348  23-26  JÜNIÜS 
362	R	OK	1641	6	27	28	27  EN  28  JÜNIÜ9.  S49  - 
363	L	OK	1641	6	28	29	JlfO  28  EN  29  JONIüS 
364	R	OK	1641	6	29	30	2d  EN  30  JONIOS.  m 
365	L	OK	1641	7	1	1	Jullus  Anno  1641 
366	R	OK	1641	7	1	3	i-4  JULiüS.  553 
367	L	OK	1641	7	3	6	3^4  3-^  JULIÜS 
368	R	OK	1641	7	6	8	6-8  JÜLItiS.  SgjJ 
369	L	OK	1641	7	8	13	3li6  8—13  JÜLIUS 
370	R	OK	1641	7	13	16	13—16  JÜLIÜS.  357 
371	L	OK	1641	7	16	16	368  16  JULIÜS 
372	R	OK	1641	7	16	19	16—19  JULIÜS.  359 
373	L	OK	1641	7	19	19	560  19  JÜLIÜS 
374	R	OK	1641	7	19	22	19—22  JÜLIÜS.  361 
375	L	OK	1641	7	24	25	362  24  E5  25  JÜLIUS 
376	R	OK	1641	7	25	25	25JÜLIÜS.  365 
377	L	OK	1641	7	25	25	364  25  JULIUS 
378	R	OK	1641	7	25	25	26  JULltlS.  S65 
379	L	OK	1641	7	25	25	566  25  JIJLIUS 
380	R	OK	1641	7	25	26	25  EN  26  JULIUS.  367 
381	L	OK	1641	7	26	28	568  26-28  iULllJS 
382	R	OK	1641	7	28	28	ÜÖ  JULIÜS.  J569 
383	L	OK	1641	7	28	28	590  2Ö  JÜLIÜS 
384	R	OK	1641	7	28	28	28  JÜLIÜS.  571 
385	L	OK	1641	7	28	28	372  28  JÜLIÜS 
386	R	OK	1641	7	28	28	28  JÜLIÜS.  373 
387	L	OK	1641	7	28	30	374  2a-d0  JULIUS 
388	R	OK	1641	7	30	31	30  EN  31  JULIÜS.  375 
389	L	OK	1641	7	31	31	376  31  JÜLIÜS 
390	R	OK	1641	7	31	31	/  31  JÜLIÜS.  377 
391	L	OK	1641	7	31	31	578  31  JULIUS 
392	R	OK	1641	7	31	31	31  JULIUS.  379 
393	L	OK	1641	7	31	31	380  31  JÜLIUS 
394	R	OK	1641	7	31	31	31  JULUtS.  Sèl 
395	L	OK	1641	7	31	31	582  31  JÜLItlS 
396	R	OK	1641	8	1	3	Augusto  Anno  1641 
397	L	OK	1641	8	3	5	584  3-5  AÜGUSTO 
398	R	OK	1641	8	5	7	5-7  AUGUStO.  *  %Si 
399	L	OK	1641	8	7	10	386  7—10  AIGISTO 
400	R	OK	1641	8	10	14	iO 14  AUGUSTO.  587 
401	L	OK	1641	8	14	15	S88  14  Bif  15  AUGUSTO 
402	R	OK	1641	8	15	17	15—17  AÜGÜSTO.  389 
403	L	OK	1641	8	17	17	590  17  AUGlSTO 
404	R	OK	1641	8	17	17	17  AUGUSTO.  391 
405	L	OK	1641	8	18	19	59J  lB-19  AÜGUSTO 
406	R	OK	1641	8	19	19	19  AUGÜSTO.  59i 
407	L	OK	1641	8	19	19	504  19  AUGUSTO 
408	R	OK	1641	8	19	20	19  EN  20  AUGOSTO.  59 
409	L	OK	1641	8	20	24	S96  20-24  AÜGÜSTO 
410	R	OK	1641	8	24	24	24  AÜGÜSTO.  597 
411	L	OK	1641	8	25	26	508  25  Elf  26  AÜGUSTO 
412	R	OK	1641	8	26	26	26  AUGÜSTO.  3é9 
413	L	OK	1641	8	26	26	400  26  AUGUSTO 
414	R	OK	1641	8	26	27	26-27  AUGÜSTÖ.  401 
415	L	OK	1641	8	27	28	402  27  EN  28  AtJGOSTO 
416	R	OK	1641	8	28	29	29  EN  29  AUGUSTO.  40S 
417	L	OK	1641	8	29	29	404  29  AÜGÜSTO 
418	R	OK	1641	8	29	31	29-31  AÜGÜSTO.  408 
419	L	OK	1641	9	1	2	September  Anno  1641 
420	R	OK	1641	9	2	2	2  SEPTEMBER.  407 
421	L	OK	1641	9	2	2	408  2  SEPTEMBEU 
422	R	OK	1641	9	2	2	2  SEPTEMBER.  409 
423	L	OK	1641	9	2	2	410  2  SEPTEMBER 
424	R	OK	1641	9	2	2	2  SEPTEMBER.  411 
425	L	OK	1641	9	2	2	41S  2  SEPTEMBER 
426	R	OK	1641	9	2	2	i  SEPTEliBER.  4lj 
427	L	OK	1641	9	2	2	414  2  SEPTEMBER 
428	R	OK	1641	9	2	2	2  SEPTËMBEn.  41S 
429	L	OK	1641	9	2	2	416  2  SEPTEMBER 
430	R	OK	1641	9	2	2	2  SEPTEMBER.  41 
431	L	OK	1641	9	2	4	4l8  .  2-4  SEt^TEltBÉtt 
432	R	OK	1641	9	4	4	4  ^ËPTËMBËH.  41d 
433	L	OK	1641	9	4	4	420  4  SEPTEMBER 
434	R	OK	1641	9	4	4	4  SEPTEMBER.  421 
435	L	OK	1641	9	4	7	4S2  4—7  SEPTEMBER 
436	R	OK	1641	9	7	7	7  SEPTEMBER.  423 
437	L	OK	1641	9	7	7	424  7  SEPTEMBER 
438	R	OK	1641	9	7	7	7  SEPTEMBER.  425 
439	L	OK	1641	9	7	7	426  7  SEPTEMBER 
440	R	OK	1641	9	7	7	J  SEPTEMBER.  427 
441	L	OK	1641	9	7	9	428  7—9  SEPTEMBER 
442	R	OK	1641	9	9	9	9  SEPTEMBER.  429 
443	L	OK	1641	9	9	9	430  9  SEPTEMBER 
444	R	OK	1641	9	9	12	9^12  SEPTEMBER.  431 
445	L	OK	1641	9	13	14	43^  13  EN  14  SEPTEMBER 
446	R	OK	1641	9	14	14	14  SEPTËMBEll.  453 
447	L	OK	1641	9	14	14	454  14  SEPTEMBErt 
448	R	OK	1641	9	14	14	i4  SEPTEMBER.  455 
449	L	OK	1641	9	14	14	436  14  SEPTËMBEh 
450	R	OK	1641	9	14	14	14  SEPTEMBER.  437 
451	L	OK	1641	9	14	14	438  14  SEPTEMBER 
452	R	OK	1641	9	14	14	14  SEPTEMBER.  439 
453	L	OK	1641	9	14	17	440  14—17  SEPTEMBER 
454	R	OK	1641	9	17	18	17  Eiï  18  SEPTEMBER.  441 
455	L	OK	1641	9	18	18	44S  13  SEPTEMBER 
456	R	OK	1641	9	18	18	18  SEPTEMBER.  443 
457	L	OK	1641	9	18	23	444  18—23  SEPTEMBER 
458	R	OK	1641	9	23	25	23-25  SEPTEMBER.  44g 
459	L	OK	1641	9	25	25	446  25  SEPTEMBER 
460	R	OK	1641	9	25	27	25—27  SEPTEMBER.  44 
461	L	OK	1641	9	27	27	448  27  SEPTEMBER 
462	R	OK	1641	9	27	30	27—30  SEPTËMBEi  449 
463	L	OK	1641	10	1	1	October  Anno  1641 
464	R	OK	1641	10	1	1	i  OCTOBEl  451 
465	L	OK	1641	10	1	1	452  1  dCtÖBER 
466	R	OK	1641	10	1	1	1  OCTOBER.  483 
467	L	OK	1641	10	1	1	454  1  OGTOBER 
468	R	OK	1641	10	1	1	1  OCTOBER.  45K 
469	L	OK	1641	10	1	3	4S6  1—3  OCTOBER 
470	R	OK	1641	10	3	3	3  ÜCTOBER.  4B7 
471	L	OK	1641	10	3	3	4S8  3  OCTOBER 
472	R	OK	1641	10	3	3	3  OCTOBER.  4S9 
473	L	OK	1641	10	3	3	460  3  OCTOBER 
474	R	OK	1641	10	3	3	3  OCTOBER.  461 
475	L	OK	1641	10	3	3	46i  3  OGTOBER 
476	R	OK	1641	10	3	3	3  OCTOBER.  46è 
477	L	OK	1641	10	3	3	464  3  OGTOBER 
478	R	OK	1641	10	3	3	3  OGTOBËR.  46ti 
479	L	OK	1641	10	3	3	4é6  3  OCTOBÈR 
480	R	OK	1641	10	4	7	i—1  OCTOBËR.  46 
481	L	OK	1641	10	7	8	468  7  Ë!f  8  OCTOBER 
482	R	OK	1641	10	8	8	8  OCTOBEB.  469 
483	L	OK	1641	10	9	12	470  9-12  OCTOBER 
484	R	OK	1641	10	12	12	12  OCTOBER.  471 
485	L	OK	1641	10	12	14	47J  12—14  OCTOBER 
486	R	OK	1641	10	14	18	14—18  OCTOBER.  473 
487	L	OK	1641	10	18	22	474  ia-22  OCTOBER 
488	R	OK	1641	10	22	24	22-24  OCTOBER.  475 
489	L	OK	1641	10	25	29	476  25-29  OCTOBER 
490	R	OK	1641	10	29	30	29  EN  30  OCTOBER.  477 
491	L	OK	1641	10	30	31	478  3Ö  Elf  31  OCTOBËB 
492	R	OK	1641	10	31	31	31  OCTOBEll.  470 
493	L	OK	1641	10	31	31	480  31  OCTOBER 
494	R	OK	1641	10	31	31	31  OCTOBER.  48i 
495	L	OK	1641	10	31	31	482  8i  OCTOBÉÖ 
496	R	OK	1641	10	31	31	Si  OCTOBER.  483 
